precinct_county_nce,precinct_county_name,precinct_name,precinct_nr,uat_name,uat_siruta,report_version,report_stage_code,report_type_scope_code,report_type_category_code,report_type_code,created_at,a,a1,a2,a3,a4,b,b1,b2,b3,b4,c,d,e,f,"FLORIAN FLORIN-PARTIDUL SOCIAL DEMOCRAT-voturi","IANCU-SĂLĂJANU DINU-PARTIDUL NAȚIONAL LIBERAL-voturi","CRIŞAN VALERIU-RADU-PARTIDUL ALIANŢA LIBERALILOR ŞI DEMOCRAŢILOR – ALDE-voturi","PETER TEODOR-PARTIDUL MIȘCAREA POPULARĂ-voturi","SZILÁGYI RÓBERT-ISTVÁN-UNIUNEA DEMOCRATĂ MAGHIARĂ DIN ROMÂNIA-voturi","STANCIU GHEORGHE-PARTIDUL NAȚIONAL ȚĂRĂNESC CREȘTIN DEMOCRAT-voturi"
33,SĂLAJ,"AFTER SCHOOL CHECHIŞ",79,BĂLAN,140146,1,PROV,PRCNCT,PCJ,PCJ_SV,"2020-09-28 12:00:01",597,491,0,86,20,406,300,0,86,20,389,17,540,134,166,186,10,12,5,10
33,SĂLAJ,"AFTER SCHOOL ȘĂRMĂȘAG",288,ŞĂRMĂŞAG,142881,1,PROV,PRCNCT,PCJ,PCJ_SV,"2020-09-28 12:00:01",834,815,0,7,12,426,407,0,7,12,417,9,918,492,18,20,1,5,369,4
33,SĂLAJ,"CAMIN CULTURAL",158,GÂLGĂU,141134,1,PROV,PRCNCT,PCJ,PCJ_SV,"2020-09-28 12:00:01",153,121,0,23,9,114,82,0,23,9,110,4,150,36,14,89,2,2,2,1
33,SĂLAJ,"CAMIN CULTURAL",156,GÂLGĂU,141134,1,PROV,PRCNCT,PCJ,PCJ_SV,"2020-09-28 12:00:01",394,370,0,18,6,235,211,0,18,6,229,6,400,165,42,158,6,18,0,5
33,SĂLAJ,"CĂMIN CULTURAL",285,ŞAMŞUD,142854,1,PROV,PRCNCT,PCJ,PCJ_SV,"2020-09-28 12:00:01",941,907,0,3,31,483,449,0,3,31,463,20,1028,545,11,8,1,4,439,0
33,SĂLAJ,"CĂMIN CULTURAL AGRIJ",65,AGRIJ,139937,1,PROV,PRCNCT,PCJ,PCJ_SV,"2020-09-28 12:00:01",836,807,1,12,16,548,520,0,12,16,514,34,880,332,201,220,17,21,3,52
33,SĂLAJ,"CAMIN CULTURAL BAN, NR. 55",84,BĂNIŞOR,140208,1,PROV,PRCNCT,PCJ,PCJ_SV,"2020-09-28 12:00:01",373,361,0,6,6,236,225,0,6,5,217,19,400,164,91,101,4,15,4,2
33,SĂLAJ,"CAMIN CULTURAL HOROATU CRASNEI",187,"HOROATU CRASNEI",141535,1,PROV,PRCNCT,PCJ,PCJ_SV,"2020-09-28 12:00:01",792,731,0,38,23,519,458,0,38,23,494,25,810,291,207,111,31,20,114,11
33,SĂLAJ,"CAMIN CULTURAL PRIA",110,CIZER,140547,1,PROV,PRCNCT,PCJ,PCJ_SV,"2020-09-28 12:00:01",414,325,0,88,1,287,198,0,88,1,280,7,400,113,142,116,12,6,0,4
33,SĂLAJ,"CAMIN CULTURAL SANGEORGIU DE MESES",101,BUCIUMI,140379,1,PROV,PRCNCT,PCJ,PCJ_SV,"2020-09-28 12:00:01",259,226,0,28,5,174,141,0,28,5,156,18,250,76,84,50,3,7,5,7
33,SĂLAJ,"CĂMIN CULTURAL VALEA LOZNEI",213,LOZNA,141884,1,PROV,PRCNCT,PCJ,PCJ_SV,"2020-09-28 12:00:01",172,131,0,37,4,127,86,0,37,4,121,6,155,28,17,95,5,3,1,0
33,SĂLAJ,"CAMIN CULTURAL VAR",55,"ORAŞ JIBOU",139811,1,PROV,PRCNCT,PCJ,PCJ_SV,"2020-09-28 12:00:01",420,412,0,8,0,232,224,0,8,0,224,8,450,218,99,68,4,47,1,5
33,SĂLAJ,"CĂMINUL CULTURAL",140,DOBRIN,140958,1,PROV,PRCNCT,PCJ,PCJ_SV,"2020-09-28 12:00:01",346,338,1,7,0,168,161,0,7,0,162,6,390,222,39,29,3,22,64,5
33,SĂLAJ,"CĂMINUL CULTURAL",161,GÂRBOU,141232,1,PROV,PRCNCT,PCJ,PCJ_SV,"2020-09-28 12:00:01",300,282,0,5,13,184,166,0,5,13,166,18,310,126,77,56,10,11,3,9
33,SĂLAJ,"CĂMINUL CULTURAL",165,GÂRBOU,141232,1,PROV,PRCNCT,PCJ,PCJ_SV,"2020-09-28 12:00:01",113,87,0,25,1,80,54,0,25,1,73,7,89,9,40,14,5,10,1,3
33,SĂLAJ,"CĂMINUL CULTURAL",177,HIDA,141447,1,PROV,PRCNCT,PCJ,PCJ_SV,"2020-09-28 12:00:01",109,101,0,8,0,67,59,0,8,0,63,4,117,50,13,41,4,3,1,1
33,SĂLAJ,"CĂMINUL CULTURAL",178,HIDA,141447,1,PROV,PRCNCT,PCJ,PCJ_SV,"2020-09-28 12:00:01",31,18,0,13,0,23,10,0,13,0,22,1,40,17,4,14,2,1,0,1
33,SĂLAJ,"CĂMINUL CULTURAL",182,HIDA,141447,1,PROV,PRCNCT,PCJ,PCJ_SV,"2020-09-28 12:00:01",329,323,0,6,0,176,170,0,6,0,162,14,366,190,27,89,3,7,2,34
33,SĂLAJ,"CĂMINUL CULTURAL",183,HIDA,141447,1,PROV,PRCNCT,PCJ,PCJ_SV,"2020-09-28 12:00:01",116,98,0,18,0,57,39,0,18,0,50,7,108,51,8,40,0,0,0,2
33,SĂLAJ,"CĂMINUL CULTURAL",186,"HOROATU CRASNEI",141535,1,PROV,PRCNCT,PCJ,PCJ_SV,"2020-09-28 12:00:01",286,193,0,88,5,217,124,0,88,5,203,14,264,47,100,74,13,2,3,11
33,SĂLAJ,"CĂMINUL CULTURAL",201,IP,141722,1,PROV,PRCNCT,PCJ,PCJ_SV,"2020-09-28 12:00:01",233,225,0,3,5,151,143,0,3,5,148,3,287,136,69,63,14,0,1,1
33,SĂLAJ,"CĂMINUL CULTURAL",239,NUŞFALĂU,142239,1,PROV,PRCNCT,PCJ,PCJ_SV,"2020-09-28 12:00:01",333,319,0,8,6,163,149,0,8,6,153,10,400,237,16,7,1,1,127,1
33,SĂLAJ,"CĂMINUL CULTURAL BOCȘIȚA",173,HERECLEAN,141376,1,PROV,PRCNCT,PCJ,PCJ_SV,"2020-09-28 12:00:01",74,59,0,12,3,47,32,0,12,3,41,6,70,23,7,12,1,3,17,1
33,SĂLAJ,"CĂMINUL CULTURAL BOZIEŞ",97,BOGHIŞ,180037,1,PROV,PRCNCT,PCJ,PCJ_SV,"2020-09-28 12:00:01",210,197,0,5,8,144,131,0,5,8,136,8,228,84,5,4,0,0,127,0
33,SĂLAJ,"CĂMINUL CULTURAL BRÎGLEZ",279,SURDUC,142774,1,PROV,PRCNCT,PCJ,PCJ_SV,"2020-09-28 12:00:01",260,202,0,44,14,211,153,0,44,14,201,10,238,27,91,89,5,10,0,6
33,SĂLAJ,"CĂMINUL CULTURAL CERNUC",164,GÂRBOU,141232,1,PROV,PRCNCT,PCJ,PCJ_SV,"2020-09-28 12:00:01",160,145,0,12,3,94,79,0,12,3,77,2,163,84,26,32,5,7,2,5
33,SĂLAJ,"CĂMINUL CULTURAL CRISTOLȚ",127,CRISTOLŢ,140770,1,PROV,PRCNCT,PCJ,PCJ_SV,"2020-09-28 12:00:01",550,497,0,15,38,400,347,0,15,38,382,18,540,140,122,142,7,81,2,28
33,SĂLAJ,"CAMINUL CULTURAL CRISTUR-CRISENI",132,CRIŞENI,140823,1,PROV,PRCNCT,PCJ,PCJ_SV,"2020-09-28 12:00:01",432,420,0,6,6,233,221,0,6,6,227,6,470,237,15,51,0,4,156,1
33,SĂLAJ,"CĂMINUL CULTURAL DIN MESEŞENII DE JOS",226,"MESEŞENII DE JOS",142079,1,PROV,PRCNCT,PCJ,PCJ_SV,"2020-09-28 12:00:01",610,544,0,51,15,442,376,0,51,15,418,24,595,153,134,25,18,14,225,2
33,SĂLAJ,"CĂMINUL CULTURAL DOBA",141,DOBRIN,140958,1,PROV,PRCNCT,PCJ,PCJ_SV,"2020-09-28 12:00:01",268,262,0,4,2,145,139,0,4,2,138,7,295,150,4,6,1,6,120,1
33,SĂLAJ,"CĂMINUL CULTURAL DOLU",310,ZIMBOR,143147,1,PROV,PRCNCT,PCJ,PCJ_SV,"2020-09-28 12:00:01",53,43,0,10,0,34,24,0,10,0,33,1,50,16,8,14,1,4,3,3
33,SĂLAJ,"CĂMINUL CULTURAL FĂGETU",248,PLOPIŞ,142337,1,PROV,PRCNCT,PCJ,PCJ_SV,"2020-09-28 12:00:01",521,507,0,6,8,250,236,0,6,8,225,25,594,344,43,151,5,7,2,17
33,SĂLAJ,"CĂMINUL CULTURAL FILDU DE MIJLOC",150,"FILDU DE JOS",141081,1,PROV,PRCNCT,PCJ,PCJ_SV,"2020-09-28 12:00:01",322,307,0,12,3,228,213,0,12,3,216,12,338,110,101,102,1,3,2,7
33,SĂLAJ,"CĂMINUL CULTURAL FIRMINIŞ",231,MIRŞID,142122,1,PROV,PRCNCT,PCJ,PCJ_SV,"2020-09-28 12:00:01",135,120,1,14,0,93,79,0,14,0,84,9,161,68,44,34,4,0,2,0
33,SĂLAJ,"CĂMINUL CULTURAL FIZEȘ",266,SÂG,142612,1,PROV,PRCNCT,PCJ,PCJ_SV,"2020-09-28 12:00:01",267,259,0,8,0,140,132,0,8,0,131,9,292,152,39,85,3,2,1,1
33,SĂLAJ,"CĂMINUL CULTURAL GĂLĂȘENI, NR.50",135,CUZĂPLAC,140869,1,PROV,PRCNCT,PCJ,PCJ_SV,"2020-09-28 12:00:01",102,85,0,17,0,70,53,0,17,0,69,1,94,24,5,54,1,1,1,7
33,SĂLAJ,"CĂMINUL CULTURAL HĂȘMAȘ",295,ŞIMIŞNA,179695,1,PROV,PRCNCT,PCJ,PCJ_SV,"2020-09-28 12:00:01",224,205,0,14,5,152,133,0,14,5,138,14,250,98,101,30,0,3,3,1
33,SĂLAJ,"CĂMINUL CULTURAL HERECLEAN",171,HERECLEAN,141376,1,PROV,PRCNCT,PCJ,PCJ_SV,"2020-09-28 12:00:01",479,465,1,11,2,299,285,1,11,2,294,5,530,231,76,136,14,36,20,12
33,SĂLAJ,"CĂMINUL CULTURAL INĂU",274,SOMEŞ-ODORHEI,142710,1,PROV,PRCNCT,PCJ,PCJ_SV,"2020-09-28 12:00:01",500,465,0,10,25,367,332,0,10,25,351,16,540,172,61,267,3,6,1,13
33,SĂLAJ,"CĂMINUL CULTURAL JEBUCU",68,ALMAŞU,139982,1,PROV,PRCNCT,PCJ,PCJ_SV,"2020-09-28 12:00:01",316,282,1,24,9,259,226,0,24,9,254,5,315,56,6,11,16,1,216,4
33,SĂLAJ,"CĂMINUL CULTURAL MAL",267,SÂG,142612,1,PROV,PRCNCT,PCJ,PCJ_SV,"2020-09-28 12:00:01",936,923,0,13,0,561,548,0,13,0,500,61,1014,453,286,196,4,7,2,5
33,SĂLAJ,"CĂMINUL CULTURAL MOIAD",293,ŞĂRMĂŞAG,142881,1,PROV,PRCNCT,PCJ,PCJ_SV,"2020-09-28 12:00:01",178,175,0,2,1,110,107,0,2,1,108,2,200,90,28,55,5,0,6,14
33,SĂLAJ,"CĂMINUL CULTURAL NAIMON",143,DOBRIN,140958,1,PROV,PRCNCT,PCJ,PCJ_SV,"2020-09-28 12:00:01",123,116,0,7,0,46,39,0,7,0,39,7,129,83,3,17,1,2,16,0
33,SĂLAJ,"CĂMINUL CULTURAL, NR.20",147,DRAGU,141027,1,PROV,PRCNCT,PCJ,PCJ_SV,"2020-09-28 12:00:01",46,17,0,29,0,35,6,0,29,0,34,1,41,6,10,20,1,2,0,1
33,SĂLAJ,"CĂMINUL CULTURAL PANIC",176,HERECLEAN,141376,1,PROV,PRCNCT,PCJ,PCJ_SV,"2020-09-28 12:00:01",874,837,1,3,33,579,543,0,3,33,539,40,970,391,31,102,3,4,395,4
33,SĂLAJ,"CĂMINUL CULTURAL ”PETŐFI SÁNDOR”",114,CRASNA,140627,1,PROV,PRCNCT,PCJ,PCJ_SV,"2020-09-28 12:00:01",1887,1836,13,5,33,1125,1084,3,5,33,1091,34,2085,960,35,41,7,11,991,6
33,SĂLAJ,"CĂMINUL CULTURAL PETRINZEL",70,ALMAŞU,139982,1,PROV,PRCNCT,PCJ,PCJ_SV,"2020-09-28 12:00:01",103,91,0,12,0,61,49,0,12,0,56,5,100,39,7,8,1,0,38,2
33,SĂLAJ,"CĂMINUL CULTURAL PLOPIȘ",246,PLOPIŞ,142337,1,PROV,PRCNCT,PCJ,PCJ_SV,"2020-09-28 12:00:01",827,784,1,17,25,501,459,0,17,25,450,51,899,398,74,240,11,55,1,69
33,SĂLAJ,"CĂMINUL CULTURAL RECEA",304,VÂRŞOLŢ,143021,1,PROV,PRCNCT,PCJ,PCJ_SV,"2020-09-28 12:00:01",484,434,0,28,22,313,263,0,28,22,290,23,508,195,89,98,12,29,51,11
33,SĂLAJ,"CĂMINUL CULTURAL RUGINOASA, NR.22",138,CUZĂPLAC,140869,1,PROV,PRCNCT,PCJ,PCJ_SV,"2020-09-28 12:00:01",83,70,0,13,0,44,31,0,13,0,44,0,77,33,9,28,0,2,2,3
33,SĂLAJ,"CĂMINUL CULTURAL SÂNCRAIU ALMAȘULUI",313,ZIMBOR,143147,1,PROV,PRCNCT,PCJ,PCJ_SV,"2020-09-28 12:00:01",95,84,0,11,0,95,84,0,11,0,86,9,160,65,18,47,4,13,3,1
33,SĂLAJ,"CĂMINUL CULTURAL ȘOIMUȘ",275,SOMEŞ-ODORHEI,142710,1,PROV,PRCNCT,PCJ,PCJ_SV,"2020-09-28 12:00:01",272,251,0,12,9,147,126,0,12,9,140,7,290,143,77,56,3,3,0,1
33,SĂLAJ,"CĂMINUL CULTURAL SOLONA",281,SURDUC,142774,1,PROV,PRCNCT,PCJ,PCJ_SV,"2020-09-28 12:00:01",226,189,0,26,11,158,121,0,26,11,153,5,204,46,64,72,2,11,2,2
33,SĂLAJ,"CĂMINUL CULTURAL SOMEȘ-ODORHEI",273,SOMEŞ-ODORHEI,142710,1,PROV,PRCNCT,PCJ,PCJ_SV,"2020-09-28 12:00:01",1093,1049,4,8,32,687,647,0,8,32,650,37,1220,533,258,286,4,44,9,49
33,SĂLAJ,"CĂMINUL CULTURAL STANA",71,ALMAŞU,139982,1,PROV,PRCNCT,PCJ,PCJ_SV,"2020-09-28 12:00:01",118,102,0,12,4,81,65,0,12,4,76,5,112,31,5,8,3,1,58,1
33,SĂLAJ,"CĂMINUL CULTURAL ŞUMAL",219,MARCA,141946,1,PROV,PRCNCT,PCJ,PCJ_SV,"2020-09-28 12:00:01",414,408,0,4,2,223,217,0,4,2,210,13,456,233,37,158,3,3,4,5
33,SĂLAJ,"CĂMINUL CULTURAL SURDUC",278,SURDUC,142774,1,PROV,PRCNCT,PCJ,PCJ_SV,"2020-09-28 12:00:01",1171,1079,2,59,31,796,705,1,59,31,754,42,1190,394,333,361,7,34,7,12
33,SĂLAJ,"CĂMINUL CULTURAL SUTORU",311,ZIMBOR,143147,1,PROV,PRCNCT,PCJ,PCJ_SV,"2020-09-28 12:00:01",114,103,1,10,0,80,69,1,10,0,74,6,120,40,7,56,5,4,1,1
33,SĂLAJ,"CĂMINUL CULTURAL TEȘTIOARA",282,SURDUC,142774,1,PROV,PRCNCT,PCJ,PCJ_SV,"2020-09-28 12:00:01",83,61,0,18,4,55,33,0,18,4,55,0,68,13,24,24,2,4,1,0
33,SĂLAJ,"CĂMINUL CULTURAL TIHĂU",283,SURDUC,142774,1,PROV,PRCNCT,PCJ,PCJ_SV,"2020-09-28 12:00:01",945,844,0,57,44,666,565,0,57,44,645,19,974,310,187,359,5,62,13,19
33,SĂLAJ,"CĂMINUL CULTURAL TUSA",269,SÂG,142612,1,PROV,PRCNCT,PCJ,PCJ_SV,"2020-09-28 12:00:01",553,549,0,4,0,308,304,0,4,0,279,29,610,302,136,123,3,2,2,13
33,SĂLAJ,"CĂMINUL CULTURAL ZĂUAN",202,IP,141722,1,PROV,PRCNCT,PCJ,PCJ_SV,"2020-09-28 12:00:01",831,817,5,9,0,415,406,0,9,0,392,23,899,484,11,19,1,1,359,1
33,SĂLAJ,"CASA DE CULTURĂ",47,"ORAŞ JIBOU",139811,1,PROV,PRCNCT,PCJ,PCJ_SV,"2020-09-28 12:00:01",1751,1730,11,9,1,735,725,0,9,1,724,11,1980,1245,343,209,25,81,45,21
33,SĂLAJ,"CASA MUNICIPALĂ DE CULTURĂ",2,"MUNICIPIUL ZALĂU",139704,1,PROV,PRCNCT,PCJ,PCJ_SV,"2020-09-28 12:00:01",1882,1846,7,18,11,789,760,0,18,11,772,17,2078,1289,189,220,16,15,292,40
33,SĂLAJ,"CENTRU DE INFORMARE ȘI MARKETING TURISTIC",245,PERICEI,142284,1,PROV,PRCNCT,PCJ,PCJ_SV,"2020-09-28 12:00:01",146,136,0,10,0,70,60,0,10,0,63,7,150,80,22,17,17,2,4,1
33,SĂLAJ,"CENTRU DE INFORMARE TURISTICA",115,CRASNA,140627,1,PROV,PRCNCT,PCJ,PCJ_SV,"2020-09-28 12:00:01",1827,1784,5,12,26,1090,1052,1,12,25,1034,56,1970,880,17,45,5,3,962,2
33,SĂLAJ,"CENTRUL AFTER SCHOOL",227,"MESEŞENII DE JOS",142079,1,PROV,PRCNCT,PCJ,PCJ_SV,"2020-09-28 12:00:01",1273,1208,4,34,27,750,689,0,34,27,694,56,1324,574,73,205,187,18,192,19
33,SĂLAJ,"CENTRUL CULTURAL",58,"ORAŞ ŞIMLEU SILVANIEI",139884,1,PROV,PRCNCT,PCJ,PCJ_SV,"2020-09-28 12:00:01",1454,1442,1,11,0,648,637,0,11,0,630,18,1602,954,99,297,15,16,181,22
33,SĂLAJ,"CENTRUL CULTURAL COMUNITAR ȘĂRMĂȘAG",287,ŞĂRMĂŞAG,142881,1,PROV,PRCNCT,PCJ,PCJ_SV,"2020-09-28 12:00:01",964,910,2,5,47,550,514,0,5,31,542,8,1052,502,10,11,0,1,518,2
33,SĂLAJ,"CENTRUL CULTURAL IAZ",247,PLOPIŞ,142337,1,PROV,PRCNCT,PCJ,PCJ_SV,"2020-09-28 12:00:01",608,585,0,8,15,300,277,0,8,15,281,19,647,347,48,200,4,5,1,23
33,SĂLAJ,"CENTRUL DE INFORMARE ȘI MARKETING TURISTIC",251,ROMÂNAŞI,142426,1,PROV,PRCNCT,PCJ,PCJ_SV,"2020-09-28 12:00:01",484,458,0,7,19,484,458,0,7,19,442,42,900,416,130,281,5,12,0,14
33,SĂLAJ,"CENTRUL DE INFORMARE ŞI PROMOVARE TURISTICĂ VALEA POMILOR",286,ŞAMŞUD,142854,1,PROV,PRCNCT,PCJ,PCJ_SV,"2020-09-28 12:00:01",470,448,0,1,21,225,203,0,1,21,208,17,500,275,5,5,1,12,185,0
33,SĂLAJ,"CENTRUL DE INFORMARE TURISTICĂ",240,NUŞFALĂU,142239,1,PROV,PRCNCT,PCJ,PCJ_SV,"2020-09-28 12:00:01",1321,1309,5,0,7,662,654,1,0,7,570,92,1400,738,140,146,11,5,265,3
33,SĂLAJ,"CENTRUL DE ZI",229,"MESEŞENII DE JOS",142079,1,PROV,PRCNCT,PCJ,PCJ_SV,"2020-09-28 12:00:01",722,664,0,41,17,430,372,0,41,17,397,33,701,271,201,135,27,13,11,10
33,SĂLAJ,"CENTRUL DE ZI DOBA",142,DOBRIN,140958,1,PROV,PRCNCT,PCJ,PCJ_SV,"2020-09-28 12:00:01",238,227,1,8,2,144,133,1,8,2,134,10,255,111,0,2,2,3,126,1
33,SĂLAJ,"CENTRUL DE ZI PENTRU COPII",117,CRASNA,140627,1,PROV,PRCNCT,PCJ,PCJ_SV,"2020-09-28 12:00:01",742,735,1,6,0,278,272,0,6,0,269,9,813,535,77,155,11,4,8,14
33,SĂLAJ,"CENTRUL DE ZI PENTRU COPII",118,CRASNA,140627,1,PROV,PRCNCT,PCJ,PCJ_SV,"2020-09-28 12:00:01",416,400,0,13,3,208,192,0,13,3,177,31,465,257,31,20,3,5,111,7
33,SĂLAJ,"CENTRUL DE ZI PENTRU COPII",116,CRASNA,140627,1,PROV,PRCNCT,PCJ,PCJ_SV,"2020-09-28 12:00:01",416,409,0,7,0,195,188,0,7,0,177,18,464,269,52,40,8,10,67,0
33,SĂLAJ,"CENTRUL DE ZI PETRINDU, NR.78",137,CUZĂPLAC,140869,1,PROV,PRCNCT,PCJ,PCJ_SV,"2020-09-28 12:00:01",333,324,0,9,0,208,199,0,9,0,206,2,361,153,24,137,4,5,5,31
33,SĂLAJ,"CENTRUL LOCAL DE INFORMARE TURISTICĂ",105,CARASTELEC,140477,1,PROV,PRCNCT,PCJ,PCJ_SV,"2020-09-28 12:00:01",808,784,2,4,18,498,476,0,4,18,473,25,869,371,29,32,0,1,402,9
33,SĂLAJ,"CENTRUL ȘCOLAR PENTRU EDUCAȚIE INCLUZIVĂ",60,"ORAŞ ŞIMLEU SILVANIEI",139884,1,PROV,PRCNCT,PCJ,PCJ_SV,"2020-09-28 12:00:01",1877,1861,0,16,0,667,651,0,16,0,623,44,2076,1409,110,352,17,20,108,16
33,SĂLAJ,"CERCUL GOSPODARILOR",199,IP,141722,1,PROV,PRCNCT,PCJ,PCJ_SV,"2020-09-28 12:00:01",1423,1418,2,1,2,574,569,2,1,2,542,32,1576,1002,91,135,34,7,272,3
33,SĂLAJ,"CLĂDIREA FOSTULUI CONSILIU CIULA",204,LETCA,141786,1,PROV,PRCNCT,PCJ,PCJ_SV,"2020-09-28 12:00:01",98,74,0,21,3,75,51,0,21,3,72,3,85,10,39,27,2,3,0,1
33,SĂLAJ,"CLĂDIREA TRANSILVANIA",10,"MUNICIPIUL ZALĂU",139704,1,PROV,PRCNCT,PCJ,PCJ_SV,"2020-09-28 12:00:01",1293,1268,15,10,0,576,566,0,10,0,563,13,1431,855,196,210,16,10,85,46
33,SĂLAJ,"CLĂDIRE MULTIFUNCŢIONALĂ",76,BĂBENI,140084,1,PROV,PRCNCT,PCJ,PCJ_SV,"2020-09-28 12:00:01",90,79,0,7,4,75,64,0,7,4,73,2,94,19,45,23,0,3,1,1
33,SĂLAJ,"CLUB S.C. COMPANIA DE APĂ SOMEŞ S.A. SUCURSALA MUNICIPIULUI ZALĂU",37,"MUNICIPIUL ZALĂU",139704,1,PROV,PRCNCT,PCJ,PCJ_SV,"2020-09-28 12:00:01",1257,1242,3,12,0,496,484,0,12,0,472,13,1421,936,161,185,24,24,52,26
33,SĂLAJ,"CLUBUL COPIILOR",61,"ORAŞ ŞIMLEU SILVANIEI",139884,1,PROV,PRCNCT,PCJ,PCJ_SV,"2020-09-28 12:00:01",1683,1673,1,9,0,699,689,1,9,0,669,30,1878,1179,126,385,17,29,96,16
33,SĂLAJ,"COLEGIUL NAŢIONAL ”SILVANIA”",1,"MUNICIPIUL ZALĂU",139704,1,PROV,PRCNCT,PCJ,PCJ_SV,"2020-09-28 12:00:01",1867,1849,8,10,0,861,851,0,10,0,845,16,2062,1201,254,273,19,34,229,36
33,SĂLAJ,"COLEGIUL TEHNIC ”ALESANDRU PAPIU ILARIAN”",34,"MUNICIPIUL ZALĂU",139704,1,PROV,PRCNCT,PCJ,PCJ_SV,"2020-09-28 12:00:01",931,918,0,11,2,360,347,0,11,2,353,7,1047,687,147,104,12,24,56,10
33,SĂLAJ,"COLEGIUL TEHNIC ”ALESANDRU PAPIU ILARIAN”",33,"MUNICIPIUL ZALĂU",139704,1,PROV,PRCNCT,PCJ,PCJ_SV,"2020-09-28 12:00:01",1088,1074,2,12,0,390,378,0,12,0,386,4,1230,840,145,130,19,23,47,22
33,SĂLAJ,"COLEGIUL TEHNIC ”IULIU MANIU”",59,"ORAŞ ŞIMLEU SILVANIEI",139884,1,PROV,PRCNCT,PCJ,PCJ_SV,"2020-09-28 12:00:01",1543,1524,7,11,1,674,661,1,11,1,636,38,1706,1032,118,317,19,22,141,19
33,SĂLAJ,"CORP B , BIBLIOTECA COMUNALĂ",73,BĂBENI,140084,1,PROV,PRCNCT,PCJ,PCJ_SV,"2020-09-28 12:00:01",472,413,2,35,22,470,413,0,35,22,328,18,490,144,147,101,12,56,2,10
33,SĂLAJ,"DIRECŢIA DE SĂNĂTATE PUBLICĂ SĂLAJ",9,"MUNICIPIUL ZALĂU",139704,1,PROV,PRCNCT,PCJ,PCJ_SV,"2020-09-28 12:00:01",1043,1027,6,8,2,452,442,0,8,2,438,14,1161,709,158,151,12,12,87,18
33,SĂLAJ,GRĂDINIȚA,301,"VALCĂU DE JOS",142952,1,PROV,PRCNCT,PCJ,PCJ_SV,"2020-09-28 12:00:01",202,194,0,6,2,151,143,0,6,2,149,2,211,60,44,93,4,3,2,3
33,SĂLAJ,GRĂDINIȚĂ,52,"ORAŞ JIBOU",139811,1,PROV,PRCNCT,PCJ,PCJ_SV,"2020-09-28 12:00:01",391,376,0,11,4,225,210,0,11,4,217,8,418,193,61,34,96,18,2,6
33,SĂLAJ,"GRĂDINIȚA BOBOTA",89,BOBOTA,140280,1,PROV,PRCNCT,PCJ,PCJ_SV,"2020-09-28 12:00:01",1171,1146,1,12,12,694,670,0,12,12,670,24,1260,566,233,369,20,22,7,19
33,SĂLAJ,"GRĂDINIŢA CU PROGRAM PRELUNGIT ”LICURICI”",29,"MUNICIPIUL ZALĂU",139704,1,PROV,PRCNCT,PCJ,PCJ_SV,"2020-09-28 12:00:01",1750,1734,1,13,2,540,525,0,13,2,520,20,1986,648,212,206,16,31,41,14
33,SĂLAJ,"GRĂDINIŢA CU PROGRAM PRELUNGIT NR. 1",3,"MUNICIPIUL ZALĂU",139704,1,PROV,PRCNCT,PCJ,PCJ_SV,"2020-09-28 12:00:01",1548,1525,9,13,1,630,616,0,13,1,616,14,1729,1099,214,200,18,21,124,39
33,SĂLAJ,"GRĂDINIȚA CU PROGRAM PRELUNGIT NR.1 PERICEI",242,PERICEI,142284,1,PROV,PRCNCT,PCJ,PCJ_SV,"2020-09-28 12:00:01",1120,1098,0,6,16,477,455,0,6,16,458,19,1200,723,21,33,20,10,372,2
33,SĂLAJ,"GRĂDINIȚA CU PROGRAM PRELUNGIT NR.3",62,"ORAŞ ŞIMLEU SILVANIEI",139884,1,PROV,PRCNCT,PCJ,PCJ_SV,"2020-09-28 12:00:01",1507,1497,2,8,0,577,569,0,8,0,564,13,1676,1099,115,320,16,20,77,16
33,SĂLAJ,"GRĂDINIŢA CU PROGRAM PRELUNGIT ”PITICII ISTEȚI”",32,"MUNICIPIUL ZALĂU",139704,1,PROV,PRCNCT,PCJ,PCJ_SV,"2020-09-28 12:00:01",1518,1503,1,14,0,525,510,1,14,0,512,13,1707,1182,222,171,20,40,40,19
33,SĂLAJ,"GRĂDINIŢA CU PROGRAM PRELUNGIT ”VOINICEL”",19,"MUNICIPIUL ZALĂU",139704,1,PROV,PRCNCT,PCJ,PCJ_SV,"2020-09-28 12:00:01",1099,1088,0,11,0,353,342,0,11,0,340,13,1246,893,158,88,13,17,42,22
33,SĂLAJ,"GRĂDINIŢA CU PROGRAM PRELUNGIT ”VOINICEL”",18,"MUNICIPIUL ZALĂU",139704,1,PROV,PRCNCT,PCJ,PCJ_SV,"2020-09-28 12:00:01",963,946,0,17,0,301,284,0,17,0,294,7,1078,777,124,102,15,18,18,17
33,SĂLAJ,"GRĂDINIȚA DE COPII NR.3 ȘĂRMĂȘAG",289,ŞĂRMĂŞAG,142881,1,PROV,PRCNCT,PCJ,PCJ_SV,"2020-09-28 12:00:01",906,870,0,8,28,485,455,0,8,22,477,8,988,503,6,10,1,2,452,6
33,SĂLAJ,"HOROATU CEHULUI NR. 23 ȘCOALA PRIMARĂ",43,"ORAŞ CEHU SILVANIEI",139740,1,PROV,PRCNCT,PCJ,PCJ_SV,"2020-09-28 12:00:01",145,139,0,4,2,94,88,0,4,2,87,7,168,74,23,43,2,16,1,2
33,SĂLAJ,"IMOBIL PROPRIETATE PRIVATA",271,"SÂNMIHAIU ALMAŞULUI",142676,1,PROV,PRCNCT,PCJ,PCJ_SV,"2020-09-28 12:00:01",147,132,0,8,7,103,88,0,8,7,91,11,160,57,57,25,4,4,1,0
33,SĂLAJ,"LICEUL CU PROGRAM SPORTIV ”AVRAM IANCU”",8,"MUNICIPIUL ZALĂU",139704,1,PROV,PRCNCT,PCJ,PCJ_SV,"2020-09-28 12:00:01",1749,1738,2,8,1,651,642,0,8,1,639,12,1909,1258,203,263,16,24,100,33
33,SĂLAJ,"LICEUL CU PROGRAM SPORTIV ”AVRAM IANCU”",6,"MUNICIPIUL ZALĂU",139704,1,PROV,PRCNCT,PCJ,PCJ_SV,"2020-09-28 12:00:01",1890,1872,0,15,3,808,790,0,15,3,796,12,2131,1323,300,318,30,16,88,44
33,SĂLAJ,"LICEUL CU PROGRAM SPORTIV ”AVRAM IANCU”",7,"MUNICIPIUL ZALĂU",139704,1,PROV,PRCNCT,PCJ,PCJ_SV,"2020-09-28 12:00:01",1494,1480,1,13,0,549,536,0,13,0,534,15,1688,1139,188,186,34,19,83,24
33,SĂLAJ,"LICEUL DE ARTĂ ”IOAN SIMA”",30,"MUNICIPIUL ZALĂU",139704,1,PROV,PRCNCT,PCJ,PCJ_SV,"2020-09-28 12:00:01",1603,1591,2,10,0,581,571,0,10,0,568,13,1816,1235,230,210,22,35,55,16
33,SĂLAJ,"LICEUL TEHNOLOGIC",157,GÂLGĂU,141134,1,PROV,PRCNCT,PCJ,PCJ_SV,"2020-09-28 12:00:01",532,500,0,23,9,356,324,0,23,9,336,18,550,194,73,224,19,6,9,5
33,SĂLAJ,"LICEUL TEHNOLOGIC ”GHEORGHE POP DE BĂSEȘTI”",40,"ORAŞ CEHU SILVANIEI",139740,1,PROV,PRCNCT,PCJ,PCJ_SV,"2020-09-28 12:00:01",1457,1429,0,7,21,663,635,0,7,21,645,18,1590,927,81,150,19,6,376,13
33,SĂLAJ,"LICEUL TEHNOLOGIC ”IOAN OSSIAN”",57,"ORAŞ ŞIMLEU SILVANIEI",139884,1,PROV,PRCNCT,PCJ,PCJ_SV,"2020-09-28 12:00:01",1528,1517,2,9,0,669,660,0,9,0,641,28,1680,1011,147,323,13,14,131,13
33,SĂLAJ,"LICEUL TEHNOLOGIC ”MIHAI VITEAZU”",14,"MUNICIPIUL ZALĂU",139704,1,PROV,PRCNCT,PCJ,PCJ_SV,"2020-09-28 12:00:01",1260,1245,1,14,0,407,393,0,14,0,392,15,1365,958,161,132,26,21,38,14
33,SĂLAJ,"LICEUL TEHNOLOGIC ”MIHAI VITEAZU”",13,"MUNICIPIUL ZALĂU",139704,1,PROV,PRCNCT,PCJ,PCJ_SV,"2020-09-28 12:00:01",952,940,0,12,0,334,322,0,12,0,323,11,1050,716,108,117,12,13,56,17
33,SĂLAJ,"LICEUL TEHNOLOGIC ”OCTAVIAN GOGA”",48,"ORAŞ JIBOU",139811,1,PROV,PRCNCT,PCJ,PCJ_SV,"2020-09-28 12:00:01",1468,1457,3,5,3,584,576,0,5,3,573,11,1700,1116,255,159,14,86,38,21
33,SĂLAJ,"LICEUL TEHNOLOGIC ”OCTAVIASN GOGA”PARTER,SALA DE CLASA NR.2",49,"ORAŞ JIBOU",139811,1,PROV,PRCNCT,PCJ,PCJ_SV,"2020-09-28 12:00:01",1271,1252,3,8,8,524,508,0,8,8,506,18,1415,800,172,134,38,49,101,12
33,SĂLAJ,"LICEUL TEHNOLOGIC ”VOIEVOD GELU”",26,"MUNICIPIUL ZALĂU",139704,1,PROV,PRCNCT,PCJ,PCJ_SV,"2020-09-28 12:00:01",1481,1469,11,1,0,522,510,11,1,0,513,9,1620,1098,193,203,20,29,51,17
33,SĂLAJ,"LICEUL TEHNOLOGIC ”VOIEVOD GELU”",28,"MUNICIPIUL ZALĂU",139704,1,PROV,PRCNCT,PCJ,PCJ_SV,"2020-09-28 12:00:01",1430,1422,0,7,1,463,455,0,7,1,452,11,1633,1170,188,166,25,22,31,20
33,SĂLAJ,"LICEUL TEHNOLOGIC ”VOIEVOD GELU”",27,"MUNICIPIUL ZALĂU",139704,1,PROV,PRCNCT,PCJ,PCJ_SV,"2020-09-28 12:00:01",1787,1775,0,12,0,603,591,0,12,0,594,9,2021,1418,249,215,32,35,41,22
33,SĂLAJ,"LICEUL TEORETIC ”GHEORGHE ŞINCAI”",35,"MUNICIPIUL ZALĂU",139704,1,PROV,PRCNCT,PCJ,PCJ_SV,"2020-09-28 12:00:01",1446,1427,7,11,1,628,616,0,11,1,608,20,1600,972,231,237,22,14,80,24
33,SĂLAJ,"LICEUL TEORETIC ”ION AGÂRBICEANU”",51,"ORAŞ JIBOU",139811,1,PROV,PRCNCT,PCJ,PCJ_SV,"2020-09-28 12:00:01",1805,1722,1,16,66,812,730,0,16,66,743,69,1942,1130,293,152,54,94,139,11
33,SĂLAJ,"PIATA AGROALIMENTARA ILEANDA",196,ILEANDA,141580,1,PROV,PRCNCT,PCJ,PCJ_SV,"2020-09-28 12:00:01",1025,935,0,76,14,691,601,0,76,14,626,65,1080,389,151,369,33,60,6,7
33,SĂLAJ,"PIAȚA TRANDAFIRILOR NR. 29 CLUBUL COPIILOR",42,"ORAŞ CEHU SILVANIEI",139740,1,PROV,PRCNCT,PCJ,PCJ_SV,"2020-09-28 12:00:01",1452,1411,3,3,35,653,615,0,3,35,634,19,1590,937,115,152,9,16,332,10
33,SĂLAJ,PRIMĂRIA,179,HIDA,141447,1,PROV,PRCNCT,PCJ,PCJ_SV,"2020-09-28 12:00:01",813,803,0,5,5,473,463,0,5,5,450,23,885,412,83,323,26,2,6,10
33,SĂLAJ,"PRIMĂRIA BĂNIȘOR, NR. 29",83,BĂNIŞOR,140208,1,PROV,PRCNCT,PCJ,PCJ_SV,"2020-09-28 12:00:01",567,528,0,27,12,354,315,0,27,12,318,36,591,237,179,105,7,14,0,13
33,SĂLAJ,"PRIMĂRIA BUCIUMI",102,BUCIUMI,140379,1,PROV,PRCNCT,PCJ,PCJ_SV,"2020-09-28 12:00:01",1010,912,0,58,40,744,646,0,58,40,689,55,1070,326,348,244,7,48,9,33
33,SĂLAJ,"PRIMĂRIA COMUNEI ALMAŞU",67,ALMAŞU,139982,1,PROV,PRCNCT,PCJ,PCJ_SV,"2020-09-28 12:00:01",846,808,0,17,21,521,483,0,17,21,475,46,888,367,95,220,17,5,91,47
33,SĂLAJ,"PRIMĂRIA COMUNEI BOGHIŞ",96,BOGHIŞ,180037,1,PROV,PRCNCT,PCJ,PCJ_SV,"2020-09-28 12:00:01",1264,1233,0,3,28,694,663,0,3,28,664,30,1390,696,46,39,0,2,577,0
33,SĂLAJ,"PRIMĂRIA COMUNEI CAMĂR",103,CAMĂR,140440,1,PROV,PRCNCT,PCJ,PCJ_SV,"2020-09-28 12:00:01",1323,1275,2,1,45,723,677,0,1,45,677,46,1459,736,32,41,1,3,598,2
33,SĂLAJ,"PRIMĂRIA COMUNEI COŞEIU",111,COŞEIU,140583,1,PROV,PRCNCT,PCJ,PCJ_SV,"2020-09-28 12:00:01",426,348,0,74,4,305,227,0,74,4,277,28,385,80,71,72,16,39,76,3
33,SĂLAJ,"PRIMĂRIA COMUNEI LETCA",203,LETCA,141786,1,PROV,PRCNCT,PCJ,PCJ_SV,"2020-09-28 12:00:01",429,391,2,32,4,323,286,1,32,4,311,12,460,137,121,150,3,5,5,27
33,SĂLAJ,"PRIMĂRIA COMUNEI LOZNA",214,LOZNA,141884,1,PROV,PRCNCT,PCJ,PCJ_SV,"2020-09-28 12:00:01",386,314,0,62,10,259,187,0,62,10,251,8,331,72,68,172,5,4,1,1
33,SĂLAJ,"PRIMĂRIA COMUNEI PERICEI",243,PERICEI,142284,1,PROV,PRCNCT,PCJ,PCJ_SV,"2020-09-28 12:00:01",1266,1242,2,5,17,690,668,0,5,17,670,20,1370,680,37,40,12,11,564,6
33,SĂLAJ,"PRIMĂRIA COMUNEI VÎRȘOLȚ",303,VÂRŞOLŢ,143021,1,PROV,PRCNCT,PCJ,PCJ_SV,"2020-09-28 12:00:01",908,854,1,12,41,908,854,1,12,41,829,79,1545,637,49,87,6,19,655,13
33,SĂLAJ,"PRIMĂRIA DRAGU, NR.120",145,DRAGU,141027,1,PROV,PRCNCT,PCJ,PCJ_SV,"2020-09-28 12:00:01",623,494,0,99,30,485,356,0,99,30,462,22,541,57,146,285,4,20,2,5
33,SĂLAJ,"PRIMĂRIA GÎRBOU",160,GÂRBOU,141232,1,PROV,PRCNCT,PCJ,PCJ_SV,"2020-09-28 12:00:01",465,446,1,10,8,268,250,0,10,8,241,27,530,262,42,115,14,36,9,25
33,SĂLAJ,"PRIMĂRIA MUNICIPIULUI ZALĂU",4,"MUNICIPIUL ZALĂU",139704,1,PROV,PRCNCT,PCJ,PCJ_SV,"2020-09-28 12:00:01",1207,1196,0,11,0,495,484,0,11,0,480,4,1340,856,192,178,24,20,35,31
33,SĂLAJ,"PRIMĂRIA NĂPRADEA",234,NĂPRADEA,142177,1,PROV,PRCNCT,PCJ,PCJ_SV,"2020-09-28 12:00:01",654,598,1,14,41,445,389,1,14,41,422,23,716,271,115,297,3,3,0,4
33,SĂLAJ,"PRIMĂRIA NUȘFALĂU - SALA DE ȘEDINȚE",241,NUŞFALĂU,142239,1,PROV,PRCNCT,PCJ,PCJ_SV,"2020-09-28 12:00:01",1417,1391,5,0,21,815,793,1,0,21,799,16,1503,688,76,71,2,8,635,7
33,SĂLAJ,"PRIMĂRIA SÎG",265,SÂG,142612,1,PROV,PRCNCT,PCJ,PCJ_SV,"2020-09-28 12:00:01",577,570,0,7,0,285,278,0,7,0,265,20,624,339,74,169,2,11,1,8
33,SĂLAJ,"PRIMĂRIA VECHE MARCA",216,MARCA,141946,1,PROV,PRCNCT,PCJ,PCJ_SV,"2020-09-28 12:00:01",1133,1106,1,9,17,667,641,0,9,17,639,28,1260,593,221,329,12,70,2,5
33,SĂLAJ,"SALA DE ŞEDINŢE A PRIMĂRIEI",230,MIRŞID,142122,1,PROV,PRCNCT,PCJ,PCJ_SV,"2020-09-28 12:00:01",563,541,1,16,5,406,384,1,16,5,390,16,600,194,182,159,11,10,20,8
33,SĂLAJ,"SALA DE SPORT CHIEȘD",106,CHIEŞD,140501,1,PROV,PRCNCT,PCJ,PCJ_SV,"2020-09-28 12:00:01",1574,1561,0,11,2,778,765,0,11,2,725,53,1715,937,351,234,15,49,48,28
33,SĂLAJ,"SALA SPORTURILOR",20,"MUNICIPIUL ZALĂU",139704,1,PROV,PRCNCT,PCJ,PCJ_SV,"2020-09-28 12:00:01",1702,1689,1,12,0,543,531,0,12,0,530,13,1923,1380,220,177,24,31,55,23
33,SĂLAJ,"SALA SPORTURILOR",21,"MUNICIPIUL ZALĂU",139704,1,PROV,PRCNCT,PCJ,PCJ_SV,"2020-09-28 12:00:01",1585,1574,0,11,0,519,508,0,11,0,510,9,1797,1278,185,238,19,22,26,20
33,SĂLAJ,"SAT MOTIȘ NR. 228 ȘCOALA GIMNAZIALĂ ”GHEORGHE ȘINCAI”",44,"ORAŞ CEHU SILVANIEI",139740,1,PROV,PRCNCT,PCJ,PCJ_SV,"2020-09-28 12:00:01",601,599,0,2,0,300,298,0,2,0,269,31,660,360,90,138,8,15,16,2
33,SĂLAJ,"SAT NADIȘ NR.127 ȘCOALA PRIMARĂ",45,"ORAŞ CEHU SILVANIEI",139740,1,PROV,PRCNCT,PCJ,PCJ_SV,"2020-09-28 12:00:01",420,402,0,7,11,281,263,0,7,11,270,11,455,174,66,178,5,6,3,12
33,SĂLAJ,"SAT ULCIUG NR.86 CĂMINUL CULTURAL",46,"ORAŞ CEHU SILVANIEI",139740,1,PROV,PRCNCT,PCJ,PCJ_SV,"2020-09-28 12:00:01",765,741,0,8,16,438,414,0,8,16,408,22,820,381,26,168,1,4,209,0
33,SĂLAJ,ȘCOALĂ,168,HALMĂŞD,141312,1,PROV,PRCNCT,PCJ,PCJ_SV,"2020-09-28 12:00:01",241,230,0,4,7,143,132,0,4,7,135,8,255,112,68,58,3,1,3,2
33,SĂLAJ,"ŞCOALA CLIŢ",75,BĂBENI,140084,1,PROV,PRCNCT,PCJ,PCJ_SV,"2020-09-28 12:00:01",187,166,0,14,7,143,123,0,14,6,130,13,196,53,59,56,1,10,1,3
33,SĂLAJ,"ŞCOALA COZLA",205,LETCA,141786,1,PROV,PRCNCT,PCJ,PCJ_SV,"2020-09-28 12:00:01",201,187,0,10,4,141,127,0,10,4,132,9,210,69,82,40,3,4,2,1
33,SĂLAJ,"ŞCOALA CUCIULAT",206,LETCA,141786,1,PROV,PRCNCT,PCJ,PCJ_SV,"2020-09-28 12:00:01",142,126,0,6,10,96,80,0,6,10,90,6,150,54,54,35,0,0,1,0
33,SĂLAJ,"ŞCOALA CU CLASE I-IV",233,MIRŞID,142122,1,PROV,PRCNCT,PCJ,PCJ_SV,"2020-09-28 12:00:01",750,738,0,2,10,462,450,0,2,10,435,27,800,338,228,183,4,8,2,10
33,SĂLAJ,"ŞCOALA CU CLASE I-IV",232,MIRŞID,142122,1,PROV,PRCNCT,PCJ,PCJ_SV,"2020-09-28 12:00:01",452,441,0,7,4,255,244,0,7,4,246,9,487,232,103,121,8,6,1,7
33,SĂLAJ,"ŞCOALA CU CLASELE I-IV",100,BUCIUMI,140379,1,PROV,PRCNCT,PCJ,PCJ_SV,"2020-09-28 12:00:01",179,145,0,27,7,136,102,0,27,7,126,10,175,39,69,43,0,9,3,2
33,SĂLAJ,"ŞCOALA CU CLASELE I-IV",99,BUCIUMI,140379,1,PROV,PRCNCT,PCJ,PCJ_SV,"2020-09-28 12:00:01",408,377,0,21,10,280,249,0,21,10,253,27,1600,480,148,95,1,7,1,1
33,SĂLAJ,"ŞCOALA CU CLASELE I-IV",98,BUCIUMI,140379,1,PROV,PRCNCT,PCJ,PCJ_SV,"2020-09-28 12:00:01",231,215,0,12,4,152,136,0,12,4,142,10,250,98,61,61,1,7,2,10
33,SĂLAJ,"ŞCOALA CU CLASELE I-IV",66,AGRIJ,139937,1,PROV,PRCNCT,PCJ,PCJ_SV,"2020-09-28 12:00:01",305,267,0,30,8,228,190,0,30,8,221,7,314,86,113,96,2,5,1,4
33,SĂLAJ,"ȘCOALA CU CLASELE I-IV",155,GÂLGĂU,141134,1,PROV,PRCNCT,PCJ,PCJ_SV,"2020-09-28 12:00:01",90,82,0,8,0,67,59,0,8,0,64,3,100,33,33,27,2,2,0,0
33,SĂLAJ,"ȘCOALA CU CLASELE I-IV",302,"VALCĂU DE JOS",142952,1,PROV,PRCNCT,PCJ,PCJ_SV,"2020-09-28 12:00:01",327,301,0,12,14,235,209,0,12,14,229,6,340,105,88,130,3,4,3,1
33,SĂLAJ,"ȘCOALA CU CLASELE I-IV",53,"ORAŞ JIBOU",139811,1,PROV,PRCNCT,PCJ,PCJ_SV,"2020-09-28 12:00:01",208,200,0,8,0,106,98,0,8,0,103,3,223,117,66,17,3,9,3,5
33,SĂLAJ,"ȘCOALA CU CLASELE I-IV",54,"ORAŞ JIBOU",139811,1,PROV,PRCNCT,PCJ,PCJ_SV,"2020-09-28 12:00:01",308,300,0,5,3,190,182,0,5,3,184,6,337,147,124,41,4,9,1,5
33,SĂLAJ,"ȘCOALA CU CLASELE I-IV",154,GÂLGĂU,141134,1,PROV,PRCNCT,PCJ,PCJ_SV,"2020-09-28 12:00:01",294,238,0,48,8,240,184,0,48,8,235,5,280,40,17,207,1,8,0,2
33,SĂLAJ,"ȘCOALA CU CLASELE I-IV",153,GÂLGĂU,141134,1,PROV,PRCNCT,PCJ,PCJ_SV,"2020-09-28 12:00:01",213,174,2,32,5,150,111,2,32,5,142,8,200,50,25,106,1,2,4,4
33,SĂLAJ,"ȘCOALA CU CLASELE I-IV CEACA",306,ZALHA,143067,1,PROV,PRCNCT,PCJ,PCJ_SV,"2020-09-28 12:00:01",198,152,0,38,8,162,116,0,38,8,152,10,164,2,43,66,7,24,7,5
33,SĂLAJ,"ȘCOALA CU CLASELE I-IV CHICHIȘA",252,ROMÂNAŞI,142426,1,PROV,PRCNCT,PCJ,PCJ_SV,"2020-09-28 12:00:01",194,186,0,5,3,103,95,0,5,3,100,3,220,117,38,47,5,6,1,3
33,SĂLAJ,"ŞCOALA CU CLASELE I-IV CHILIOARA",113,COŞEIU,140583,1,PROV,PRCNCT,PCJ,PCJ_SV,"2020-09-28 12:00:01",307,233,0,67,7,233,159,0,67,7,219,14,287,54,48,157,0,5,5,4
33,SĂLAJ,"ȘCOALA CU CLASELE I-IV CÎMPIA",95,BOCŞA,140324,1,PROV,PRCNCT,PCJ,PCJ_SV,"2020-09-28 12:00:01",209,200,0,6,3,152,143,0,6,3,149,3,225,73,27,79,6,10,2,25
33,SĂLAJ,"ȘCOALA CU CLASELE I-IV CIUMĂRNA",253,ROMÂNAŞI,142426,1,PROV,PRCNCT,PCJ,PCJ_SV,"2020-09-28 12:00:01",354,325,1,16,12,202,173,1,16,12,187,15,370,168,47,108,10,10,2,10
33,SĂLAJ,"ȘCOALA CU CLASELE I-IV CIURENI",308,ZALHA,143067,1,PROV,PRCNCT,PCJ,PCJ_SV,"2020-09-28 12:00:01",141,106,0,33,2,119,84,0,33,2,114,5,120,1,21,52,1,35,5,0
33,SĂLAJ,"ȘCOALA CU CLASELE I-IV CORMENIȘ",212,LOZNA,141884,1,PROV,PRCNCT,PCJ,PCJ_SV,"2020-09-28 12:00:01",137,104,0,32,1,137,104,0,32,1,131,6,175,38,8,106,6,9,1,1
33,SĂLAJ,"ŞCOALA CU CLASELE I-IV CRIȘTELEC",222,MĂERIŞTE,142006,1,PROV,PRCNCT,PCJ,PCJ_SV,"2020-09-28 12:00:01",431,418,3,9,1,222,212,0,9,1,209,13,450,228,71,128,3,3,2,2
33,SĂLAJ,"ŞCOALA CU CLASELE I-IV DOH",223,MĂERIŞTE,142006,1,PROV,PRCNCT,PCJ,PCJ_SV,"2020-09-28 12:00:01",176,163,0,7,6,115,102,0,7,6,110,5,211,96,55,50,1,1,1,2
33,SĂLAJ,"ŞCOALA CU CLASELE I-IV GOSTILA",250,"POIANA BLENCHII",142373,1,PROV,PRCNCT,PCJ,PCJ_SV,"2020-09-28 12:00:01",333,298,0,21,14,229,194,0,21,14,220,9,400,171,122,81,2,10,5,0
33,SĂLAJ,"ŞCOALA CU CLASELE I-IV MĂLĂDIA",224,MĂERIŞTE,142006,1,PROV,PRCNCT,PCJ,PCJ_SV,"2020-09-28 12:00:01",163,147,0,11,5,98,82,0,11,5,87,11,212,114,16,60,0,2,1,8
33,SĂLAJ,"ŞCOALA CU CLASELE I-IV MIERȚA, NR.97",136,CUZĂPLAC,140869,1,PROV,PRCNCT,PCJ,PCJ_SV,"2020-09-28 12:00:01",117,108,1,8,0,68,59,1,8,0,64,4,119,51,10,47,0,1,2,4
33,SĂLAJ,"ȘCOALA CU CLASELE I-IV, NR.100",146,DRAGU,141027,1,PROV,PRCNCT,PCJ,PCJ_SV,"2020-09-28 12:00:01",148,111,0,35,2,114,77,0,35,2,101,13,119,5,20,74,2,4,1,0
33,SĂLAJ,"ȘCOALA CU CLASELE I-IV, NR.117",148,DRAGU,141027,1,PROV,PRCNCT,PCJ,PCJ_SV,"2020-09-28 12:00:01",320,223,0,91,6,266,169,0,91,6,256,10,301,35,88,150,1,13,1,3
33,SĂLAJ,"ȘCOALA CU CLASELE I-IV PĂUȘA",254,ROMÂNAŞI,142426,1,PROV,PRCNCT,PCJ,PCJ_SV,"2020-09-28 12:00:01",432,408,1,13,10,254,231,0,13,10,228,26,450,196,79,109,21,3,0,16
33,SĂLAJ,"ȘCOALA CU CLASELE I-IV POARTA SĂLAJULUI",255,ROMÂNAŞI,142426,1,PROV,PRCNCT,PCJ,PCJ_SV,"2020-09-28 12:00:01",393,369,2,15,7,251,229,0,15,7,242,9,420,169,43,163,4,24,1,7
33,SĂLAJ,"ȘCOALA CU CLASELE I-IV ROMITA",256,ROMÂNAŞI,142426,1,PROV,PRCNCT,PCJ,PCJ_SV,"2020-09-28 12:00:01",258,248,0,7,3,116,106,0,7,3,106,10,270,154,34,53,6,9,0,4
33,SĂLAJ,"ȘCOALA CU CLASELE I-IV -SALA DE EVENIMENTE",215,LOZNA,141884,1,PROV,PRCNCT,PCJ,PCJ_SV,"2020-09-28 12:00:01",177,126,0,46,5,149,98,0,46,5,144,5,175,26,22,116,0,1,5,0
33,SĂLAJ,"ȘCOALA CU CLASELE I-IV SĂLĂJENI",94,BOCŞA,140324,1,PROV,PRCNCT,PCJ,PCJ_SV,"2020-09-28 12:00:01",456,438,2,8,8,250,234,0,8,8,239,11,490,240,44,166,5,8,8,8
33,SĂLAJ,"ŞCOALA CU CLASELE I - IV SÎNTĂ MĂRIA",272,"SÂNMIHAIU ALMAŞULUI",142676,1,PROV,PRCNCT,PCJ,PCJ_SV,"2020-09-28 12:00:01",317,297,0,16,4,215,195,0,16,4,194,21,325,110,115,43,24,10,0,2
33,SĂLAJ,"ȘCOALA CU CLASELE I-IV TĂMAȘA, NR.219",139,CUZĂPLAC,140869,1,PROV,PRCNCT,PCJ,PCJ_SV,"2020-09-28 12:00:01",253,249,0,4,0,176,172,0,4,0,167,9,261,85,30,123,1,0,1,12
33,SĂLAJ,"ŞCOALA CU CLASELE I-IV ŢĂUDU",72,ALMAŞU,139982,1,PROV,PRCNCT,PCJ,PCJ_SV,"2020-09-28 12:00:01",107,94,0,13,0,85,72,0,13,0,83,2,103,18,13,57,1,1,4,7
33,SĂLAJ,"ŞCOALA CU CLASELE I-IV UILEACU ȘIMLEULUI",225,MĂERIŞTE,142006,1,PROV,PRCNCT,PCJ,PCJ_SV,"2020-09-28 12:00:01",362,356,0,5,1,202,196,0,5,1,192,10,375,173,24,41,2,2,116,7
33,SĂLAJ,"ȘCOALA CU CLASELE I-IV VALEA HRANEI",307,ZALHA,143067,1,PROV,PRCNCT,PCJ,PCJ_SV,"2020-09-28 12:00:01",105,65,0,38,2,90,50,0,38,2,88,2,90,0,15,46,5,20,2,0
33,SĂLAJ,"ȘCOALA CU CLASELE I-IV VALEA LUNGĂ",309,ZALHA,143067,1,PROV,PRCNCT,PCJ,PCJ_SV,"2020-09-28 12:00:01",152,115,0,32,5,125,88,0,32,5,117,8,125,0,12,42,0,61,0,2
33,SĂLAJ,"ȘCOALA DERȘIDA",90,BOBOTA,140280,1,PROV,PRCNCT,PCJ,PCJ_SV,"2020-09-28 12:00:01",761,732,0,18,11,761,732,0,18,11,735,26,1620,859,456,252,6,13,1,7
33,SĂLAJ,"ȘCOALA ELEMENTARĂ VERVEGHIU",144,DOBRIN,140958,1,PROV,PRCNCT,PCJ,PCJ_SV,"2020-09-28 12:00:01",378,365,1,6,6,184,172,0,6,6,172,12,410,226,10,6,1,5,148,2
33,SĂLAJ,"SCOALA GENERALA",185,"HOROATU CRASNEI",141535,1,PROV,PRCNCT,PCJ,PCJ_SV,"2020-09-28 12:00:01",833,766,0,57,10,482,415,0,57,10,433,49,840,358,67,335,2,11,6,12
33,SĂLAJ,"ŞCOALA GENERALĂ",180,HIDA,141447,1,PROV,PRCNCT,PCJ,PCJ_SV,"2020-09-28 12:00:01",425,422,0,3,0,171,168,0,3,0,155,16,469,298,48,95,3,2,2,5
33,SĂLAJ,"ŞCOALA GENERALĂ",181,HIDA,141447,1,PROV,PRCNCT,PCJ,PCJ_SV,"2020-09-28 12:00:01",242,239,0,3,0,149,146,0,3,0,142,7,264,115,22,109,3,2,1,5
33,SĂLAJ,"ŞCOALA GENERALĂ",184,HIDA,141447,1,PROV,PRCNCT,PCJ,PCJ_SV,"2020-09-28 12:00:01",40,27,0,13,0,25,12,0,13,0,24,1,30,5,5,14,2,1,1,1
33,SĂLAJ,"ŞCOALA GENERALĂ",189,ILEANDA,141580,1,PROV,PRCNCT,PCJ,PCJ_SV,"2020-09-28 12:00:01",181,152,2,24,3,136,108,1,24,3,129,7,172,36,55,50,5,16,1,2
33,SĂLAJ,"ŞCOALA GENERALĂ",190,ILEANDA,141580,1,PROV,PRCNCT,PCJ,PCJ_SV,"2020-09-28 12:00:01",74,56,0,17,1,74,56,0,17,1,69,5,94,20,23,32,0,12,0,2
33,SĂLAJ,"ŞCOALA GENERALĂ",191,ILEANDA,141580,1,PROV,PRCNCT,PCJ,PCJ_SV,"2020-09-28 12:00:01",118,94,0,22,2,73,49,0,22,2,68,5,104,31,20,41,3,4,0,0
33,SĂLAJ,"ŞCOALA GENERALĂ",192,ILEANDA,141580,1,PROV,PRCNCT,PCJ,PCJ_SV,"2020-09-28 12:00:01",115,95,0,20,0,95,75,0,20,0,93,2,124,29,20,49,2,20,1,1
33,SĂLAJ,"ŞCOALA GENERALĂ",193,ILEANDA,141580,1,PROV,PRCNCT,PCJ,PCJ_SV,"2020-09-28 12:00:01",133,111,0,20,2,103,81,0,20,2,101,2,125,22,39,49,2,8,1,2
33,SĂLAJ,"ŞCOALA GENERALĂ",194,ILEANDA,141580,1,PROV,PRCNCT,PCJ,PCJ_SV,"2020-09-28 12:00:01",83,62,3,18,0,63,43,2,18,0,61,2,69,6,19,30,2,9,0,1
33,SĂLAJ,"ŞCOALA GENERALĂ",195,ILEANDA,141580,1,PROV,PRCNCT,PCJ,PCJ_SV,"2020-09-28 12:00:01",67,44,0,23,0,51,28,0,23,0,49,2,59,8,19,22,2,4,1,1
33,SĂLAJ,"ȘCOALA GENERALĂ ”ADY ENDRE” LOMPIRT",292,ŞĂRMĂŞAG,142881,1,PROV,PRCNCT,PCJ,PCJ_SV,"2020-09-28 12:00:01",710,667,2,4,37,301,260,0,4,37,291,10,777,476,28,17,0,3,238,5
33,SĂLAJ,"ȘCOALA GENERALĂ BĂDĂCIN",244,PERICEI,142284,1,PROV,PRCNCT,PCJ,PCJ_SV,"2020-09-28 12:00:01",558,540,1,9,8,273,256,0,9,8,265,8,600,327,28,185,6,3,6,37
33,SĂLAJ,"ȘCOALA GENERALĂ BORZA",124,CREACA,140672,1,PROV,PRCNCT,PCJ,PCJ_SV,"2020-09-28 12:00:01",160,154,0,6,0,74,68,0,6,0,70,4,168,94,19,30,15,5,0,1
33,SĂLAJ,"ȘCOALA GENERALĂ BOZNA",297,TREZNEA,179631,1,PROV,PRCNCT,PCJ,PCJ_SV,"2020-09-28 12:00:01",214,177,0,23,14,173,136,0,23,14,166,7,229,56,51,58,3,5,1,48
33,SĂLAJ,"ȘCOALA GENERALĂ BREBI",120,CREACA,140672,1,PROV,PRCNCT,PCJ,PCJ_SV,"2020-09-28 12:00:01",441,429,1,6,5,224,213,0,6,5,214,10,470,246,93,98,3,8,5,7
33,SĂLAJ,"ȘCOALA GENERALĂ BRUSTURI",122,CREACA,140672,1,PROV,PRCNCT,PCJ,PCJ_SV,"2020-09-28 12:00:01",146,134,0,9,3,98,86,0,9,3,96,2,148,50,20,56,5,5,0,10
33,SĂLAJ,"ȘCOALA GENERALĂ CIGLEAN",126,CREACA,140672,1,PROV,PRCNCT,PCJ,PCJ_SV,"2020-09-28 12:00:01",117,112,0,5,0,64,59,0,5,0,61,3,117,53,28,19,4,7,1,2
33,SĂLAJ,"ŞCOALA GENERALĂ DOLHENI",197,ILEANDA,141580,1,PROV,PRCNCT,PCJ,PCJ_SV,"2020-09-28 12:00:01",84,54,0,28,2,84,54,0,28,2,76,8,88,4,13,48,2,10,2,1
33,SĂLAJ,"ŞCOALA GENERALĂ ”GEORGE COŞBUC”, CARTIER ORTELEC",38,"MUNICIPIUL ZALĂU",139704,1,PROV,PRCNCT,PCJ,PCJ_SV,"2020-09-28 12:00:01",1664,1659,0,5,0,694,689,0,5,0,683,11,1817,1123,389,192,30,30,9,33
33,SĂLAJ,"ŞCOALA GENERALĂ LUMINIŞU",198,ILEANDA,141580,1,PROV,PRCNCT,PCJ,PCJ_SV,"2020-09-28 12:00:01",105,65,0,36,4,87,47,0,36,4,83,4,98,11,11,57,5,9,0,1
33,SĂLAJ,"ȘCOALA GENERALĂ LUPOAIA",123,CREACA,140672,1,PROV,PRCNCT,PCJ,PCJ_SV,"2020-09-28 12:00:01",241,235,0,5,1,135,129,0,5,1,120,15,264,129,39,65,5,5,1,5
33,SĂLAJ,"ȘCOALA GENERALĂ NR.2 ȘĂRMĂȘAG",290,ŞĂRMĂŞAG,142881,1,PROV,PRCNCT,PCJ,PCJ_SV,"2020-09-28 12:00:01",1199,1192,1,3,3,371,364,1,3,3,344,27,1326,955,82,74,2,6,176,4
33,SĂLAJ,"ȘCOALA GENERALĂ PRODĂNEȘTI",125,CREACA,140672,1,PROV,PRCNCT,PCJ,PCJ_SV,"2020-09-28 12:00:01",201,198,0,3,0,93,90,0,3,0,88,5,220,127,30,41,1,4,4,8
33,SĂLAJ,"ȘCOALA GENERALĂ ”SELYMES PETER” ILIȘUA",291,ŞĂRMĂŞAG,142881,1,PROV,PRCNCT,PCJ,PCJ_SV,"2020-09-28 12:00:01",572,513,2,6,51,262,205,0,6,51,258,4,623,361,12,21,0,3,219,3
33,SĂLAJ,"ȘCOALA GIMAZIALĂ COSNICIU DE JOS",200,IP,141722,1,PROV,PRCNCT,PCJ,PCJ_SV,"2020-09-28 12:00:01",520,513,0,3,4,292,285,0,3,4,276,16,544,252,65,168,33,2,3,5
33,SĂLAJ,"ȘCOALA GIMNAZIALĂ",159,GÂLGĂU,141134,1,PROV,PRCNCT,PCJ,PCJ_SV,"2020-09-28 12:00:01",350,326,0,20,4,197,173,0,20,4,191,6,360,163,28,148,2,11,2,0
33,SĂLAJ,"ȘCOALA GIMNAZIALĂ",299,"VALCĂU DE JOS",142952,1,PROV,PRCNCT,PCJ,PCJ_SV,"2020-09-28 12:00:01",710,692,1,8,9,488,471,0,8,9,455,33,781,293,175,264,11,4,0,1
33,SĂLAJ,"ȘCOALA GIMNAZIALĂ",300,"VALCĂU DE JOS",142952,1,PROV,PRCNCT,PCJ,PCJ_SV,"2020-09-28 12:00:01",527,512,0,6,9,358,343,0,6,9,351,7,561,203,79,262,3,3,1,3
33,SĂLAJ,"ȘCOALA GIMNAZIALĂ ”ANDREI MUREȘANU”",41,"ORAŞ CEHU SILVANIEI",139740,1,PROV,PRCNCT,PCJ,PCJ_SV,"2020-09-28 12:00:01",1506,1457,2,5,42,672,629,0,5,38,651,21,1654,982,95,169,7,14,358,8
33,SĂLAJ,"ŞCOALA GIMNAZIALĂ ARCHID",112,COŞEIU,140583,1,PROV,PRCNCT,PCJ,PCJ_SV,"2020-09-28 12:00:01",393,355,1,16,21,300,262,1,16,21,290,10,400,100,11,26,1,1,249,2
33,SĂLAJ,"ŞCOALA GIMNAZIALĂ ”AVRAM IANCU”",87,BENESAT,140244,1,PROV,PRCNCT,PCJ,PCJ_SV,"2020-09-28 12:00:01",470,440,0,14,16,344,314,0,14,16,325,19,500,156,115,173,8,19,6,4
33,SĂLAJ,"ŞCOALA GIMNAZIALĂ BĂLAN",78,BĂLAN,140146,1,PROV,PRCNCT,PCJ,PCJ_SV,"2020-09-28 12:00:01",790,739,0,32,19,508,457,0,32,19,482,26,832,324,156,308,6,6,1,5
33,SĂLAJ,"ŞCOALA GIMNAZIALĂ CIZER",108,CIZER,140547,1,PROV,PRCNCT,PCJ,PCJ_SV,"2020-09-28 12:00:01",1362,1307,2,50,3,847,794,0,50,3,779,68,1313,466,275,397,36,31,2,38
33,SĂLAJ,"ŞCOALA GIMNAZIALĂ ”CORNELIU COPOSU”",25,"MUNICIPIUL ZALĂU",139704,1,PROV,PRCNCT,PCJ,PCJ_SV,"2020-09-28 12:00:01",1192,1178,2,12,0,459,447,0,12,0,452,7,1290,831,158,174,29,24,52,15
33,SĂLAJ,"ŞCOALA GIMNAZIALĂ ”CORNELIU COPOSU”",23,"MUNICIPIUL ZALĂU",139704,1,PROV,PRCNCT,PCJ,PCJ_SV,"2020-09-28 12:00:01",1498,1487,1,10,0,547,537,0,10,0,531,16,1694,1147,210,213,19,36,37,16
33,SĂLAJ,"ŞCOALA GIMNAZIALĂ ”CORNELIU COPOSU”",24,"MUNICIPIUL ZALĂU",139704,1,PROV,PRCNCT,PCJ,PCJ_SV,"2020-09-28 12:00:01",1366,1354,0,12,0,432,420,0,12,0,424,8,1573,1141,160,189,22,14,23,16
33,SĂLAJ,"ȘCOALA GIMNAZIALĂ ”CORNELIU COPOSU”",22,"MUNICIPIUL ZALĂU",139704,1,PROV,PRCNCT,PCJ,PCJ_SV,"2020-09-28 12:00:01",1285,1266,9,10,0,426,416,0,10,0,420,6,1449,1023,178,163,12,21,29,17
33,SĂLAJ,"ȘCOALA GIMNAZIALĂ CU CLASELE I-VIII",298,"VALCĂU DE JOS",142952,1,PROV,PRCNCT,PCJ,PCJ_SV,"2020-09-28 12:00:01",716,696,0,5,15,432,412,0,5,15,422,10,801,369,107,255,4,12,34,10
33,SĂLAJ,"ȘCOALA GIMNAZIALĂ CUZĂPLAC, NR.242",134,CUZĂPLAC,140869,1,PROV,PRCNCT,PCJ,PCJ_SV,"2020-09-28 12:00:01",395,378,0,2,15,256,239,0,2,15,240,16,460,204,33,159,1,6,33,8
33,SĂLAJ,"ȘCOALA GIMNAZIALĂ DEJA",262,SĂLĂŢIG,142550,1,PROV,PRCNCT,PCJ,PCJ_SV,"2020-09-28 12:00:01",983,945,1,10,27,718,681,0,10,27,684,34,1078,360,6,16,2,1,658,1
33,SĂLAJ,"ŞCOALA GIMNAZIALĂ FETINDIA",228,"MESEŞENII DE JOS",142079,1,PROV,PRCNCT,PCJ,PCJ_SV,"2020-09-28 12:00:01",152,136,0,15,1,105,89,0,15,1,99,6,167,62,27,46,15,7,3,1
33,SĂLAJ,"ŞCOALA GIMNAZIALĂ ”GHEORGHE LAZĂR”",12,"MUNICIPIUL ZALĂU",139704,1,PROV,PRCNCT,PCJ,PCJ_SV,"2020-09-28 12:00:01",1725,1702,11,10,2,686,674,0,10,2,675,11,1940,1254,241,260,27,22,95,30
33,SĂLAJ,"ŞCOALA GIMNAZIALĂ GÎLGĂU ALMAŞULUI",82,BĂLAN,140146,1,PROV,PRCNCT,PCJ,PCJ_SV,"2020-09-28 12:00:01",884,827,1,43,13,585,528,1,43,13,561,24,908,323,186,351,4,12,2,6
33,SĂLAJ,"ŞCOALA GIMNAZIALĂ GIURTELECU ȘIMLEULUI",221,MĂERIŞTE,142006,1,PROV,PRCNCT,PCJ,PCJ_SV,"2020-09-28 12:00:01",704,672,1,13,18,456,425,0,13,18,432,21,750,297,90,321,7,4,9,1
33,SĂLAJ,"ŞCOALA GIMNAZIALĂ GURUSLĂU",175,HERECLEAN,141376,1,PROV,PRCNCT,PCJ,PCJ_SV,"2020-09-28 12:00:01",528,512,0,7,9,282,266,0,7,9,273,9,580,298,9,19,1,6,235,3
33,SĂLAJ,"ȘCOALA GIMNAZIALA HALMĂȘD",167,HALMĂŞD,141312,1,PROV,PRCNCT,PCJ,PCJ_SV,"2020-09-28 12:00:01",862,850,1,2,9,514,503,0,2,9,483,31,965,451,212,235,6,2,0,28
33,SĂLAJ,"ȘCOALA GIMNAZIALĂ ”HOREA”",56,"ORAŞ ŞIMLEU SILVANIEI",139884,1,PROV,PRCNCT,PCJ,PCJ_SV,"2020-09-28 12:00:01",1655,1641,0,9,5,750,736,0,9,5,720,30,1827,1077,163,429,20,31,56,21
33,SĂLAJ,"ŞCOALA GIMNAZIALĂ ”IULIU MANIU”",17,"MUNICIPIUL ZALĂU",139704,1,PROV,PRCNCT,PCJ,PCJ_SV,"2020-09-28 12:00:01",1696,1654,6,10,26,515,479,0,10,26,492,23,1902,1387,202,165,22,27,61,15
33,SĂLAJ,"ȘCOALA GIMNAZIALĂ JAC",121,CREACA,140672,1,PROV,PRCNCT,PCJ,PCJ_SV,"2020-09-28 12:00:01",574,561,1,3,9,331,319,0,3,9,316,15,600,269,85,207,7,8,1,8
33,SĂLAJ,"ȘCOALĂ GIMNAZIALĂ ”LUCIAN BLAGA” PARTER SALĂ DE CLASĂ NR.1,STR.GAROAFELOR NR.7",50,"ORAŞ JIBOU",139811,1,PROV,PRCNCT,PCJ,PCJ_SV,"2020-09-28 12:00:01",1628,1607,2,12,7,754,735,0,12,7,731,23,1835,1081,374,166,25,91,39,36
33,SĂLAJ,"ŞCOALA GIMNAZIALĂ MĂERIȘTE",220,MĂERIŞTE,142006,1,PROV,PRCNCT,PCJ,PCJ_SV,"2020-09-28 12:00:01",599,573,4,11,11,393,368,3,11,11,343,25,650,282,149,170,2,14,2,6
33,SĂLAJ,"ȘCOALA GIMNAZIALĂ MARCUS AURELIUS CREACA",119,CREACA,140672,1,PROV,PRCNCT,PCJ,PCJ_SV,"2020-09-28 12:00:01",358,352,0,6,0,181,175,0,6,0,173,8,400,219,55,82,2,10,3,21
33,SĂLAJ,"ŞCOALA GIMNAZIALĂ ”MIHAI EMINESCU”",36,"MUNICIPIUL ZALĂU",139704,1,PROV,PRCNCT,PCJ,PCJ_SV,"2020-09-28 12:00:01",1656,1635,7,14,0,552,538,0,14,0,547,5,1796,1244,226,194,16,27,60,24
33,SĂLAJ,"ŞCOALA GIMNAZIALĂ NR.1",64,"ORAŞ ŞIMLEU SILVANIEI",139884,1,PROV,PRCNCT,PCJ,PCJ_SV,"2020-09-28 12:00:01",1431,1421,0,10,0,590,580,0,10,0,481,109,1575,985,340,113,8,8,8,4
33,SĂLAJ,"ȘCOALA GIMNAZIALĂ NR.1 BORLA",93,BOCŞA,140324,1,PROV,PRCNCT,PCJ,PCJ_SV,"2020-09-28 12:00:01",1392,1321,2,7,62,838,769,1,7,61,823,15,1458,620,18,37,1,1,763,3
33,SĂLAJ,"ȘCOALA GIMNAZIALĂ NR.1 ZALHA",305,ZALHA,143067,1,PROV,PRCNCT,PCJ,PCJ_SV,"2020-09-28 12:00:01",290,200,0,77,13,232,142,0,77,13,226,6,235,3,57,46,2,118,1,2
33,SĂLAJ,"ȘCOALA GIMNAZIALĂ ”PETRE DULFU” SĂLĂȚIG",260,SĂLĂŢIG,142550,1,PROV,PRCNCT,PCJ,PCJ_SV,"2020-09-28 12:00:01",389,379,0,5,5,248,238,0,5,5,241,7,440,192,29,134,2,8,65,3
33,SĂLAJ,"ŞCOALA GIMNAZIALĂ ”PETRE HOSSU”",235,NĂPRADEA,142177,1,PROV,PRCNCT,PCJ,PCJ_SV,"2020-09-28 12:00:01",718,690,1,14,13,451,424,0,14,13,420,31,781,330,173,232,3,5,0,7
33,SĂLAJ,"ŞCOALA GIMNAZIALĂ PLESCA",109,CIZER,140547,1,PROV,PRCNCT,PCJ,PCJ_SV,"2020-09-28 12:00:01",183,167,0,16,0,112,96,0,16,0,106,6,256,144,15,64,19,2,0,6
33,SĂLAJ,"ŞCOALA GIMNAZIALĂ POIANA BLENCHII",249,"POIANA BLENCHII",142373,1,PROV,PRCNCT,PCJ,PCJ_SV,"2020-09-28 12:00:01",636,599,0,22,15,430,393,0,22,15,390,40,613,183,134,160,42,45,7,2
33,SĂLAJ,"ŞCOALA GIMNAZIALĂ ”POROLISSUM”",15,"MUNICIPIUL ZALĂU",139704,1,PROV,PRCNCT,PCJ,PCJ_SV,"2020-09-28 12:00:01",1696,1673,6,12,5,631,614,0,12,5,624,7,1914,1283,295,206,21,26,57,19
33,SĂLAJ,"ŞCOALA GIMNAZIALĂ ”POROLISSUM”",16,"MUNICIPIUL ZALĂU",139704,1,PROV,PRCNCT,PCJ,PCJ_SV,"2020-09-28 12:00:01",1769,1756,0,13,0,646,633,0,13,0,629,17,7670,5099,242,243,34,39,52,19
33,SĂLAJ,"ŞCOALA GIMNAZIALĂ RUS",257,RUS,142499,1,PROV,PRCNCT,PCJ,PCJ_SV,"2020-09-28 12:00:01",616,563,0,43,10,450,397,0,43,10,425,25,709,259,128,199,5,81,7,5
33,SĂLAJ,"ȘCOALA GIMNAZIALĂ ”SIMION BĂRNUȚIU”",11,"MUNICIPIUL ZALĂU",139704,1,PROV,PRCNCT,PCJ,PCJ_SV,"2020-09-28 12:00:01",1496,1457,26,12,1,575,562,0,12,1,565,10,1669,1094,205,219,27,10,78,26
33,SĂLAJ,"ȘCOALA GIMNAZIALĂ ”SIMION BĂRNUȚIU” BOCȘA",92,BOCŞA,140324,1,PROV,PRCNCT,PCJ,PCJ_SV,"2020-09-28 12:00:01",780,736,0,15,29,510,466,0,15,29,486,24,840,330,95,328,10,14,7,32
33,SĂLAJ,"ȘCOALA GIMNAZIALĂ ȘIMIȘNA",294,ŞIMIŞNA,179695,1,PROV,PRCNCT,PCJ,PCJ_SV,"2020-09-28 12:00:01",773,662,0,80,31,503,392,0,80,31,482,21,750,247,235,234,3,8,1,1
33,SĂLAJ,"ȘCOALA GIMNAZIALĂ TREZNEA",296,TREZNEA,179631,1,PROV,PRCNCT,PCJ,PCJ_SV,"2020-09-28 12:00:01",707,643,1,51,12,540,477,0,51,12,520,20,700,60,322,105,13,68,1,11
33,SĂLAJ,"ȘCOALA GIMNAZIALĂ ” VASILE BREBAN ”” CRIȘENI",131,CRIŞENI,140823,1,PROV,PRCNCT,PCJ,PCJ_SV,"2020-09-28 12:00:01",1533,1485,2,14,32,1025,979,0,14,32,1001,24,1582,557,305,542,24,38,27,65
33,SĂLAJ,"SCOALA GIMNAZIALA ZIMBOR",312,ZIMBOR,143147,1,PROV,PRCNCT,PCJ,PCJ_SV,"2020-09-28 12:00:01",513,494,3,11,5,318,302,0,11,5,304,14,566,248,55,219,8,3,11,8
33,SĂLAJ,"ȘCOALA HUREZ",188,"HOROATU CRASNEI",141535,1,PROV,PRCNCT,PCJ,PCJ_SV,"2020-09-28 12:00:01",310,285,0,20,5,202,177,0,20,5,193,9,322,120,40,139,2,4,2,6
33,SĂLAJ,"ŞCOALA LEMNIU",207,LETCA,141786,1,PROV,PRCNCT,PCJ,PCJ_SV,"2020-09-28 12:00:01",378,334,0,41,3,275,231,0,41,3,264,11,370,95,182,60,2,13,2,5
33,SĂLAJ,"ȘCOALA NOUĂ DRIGHIU",170,HALMĂŞD,141312,1,PROV,PRCNCT,PCJ,PCJ_SV,"2020-09-28 12:00:01",311,298,0,7,6,179,166,0,7,6,168,11,337,158,47,110,1,10,0,0
33,SĂLAJ,"ŞCOALA PECEIU, NR. 137",85,BĂNIŞOR,140208,1,PROV,PRCNCT,PCJ,PCJ_SV,"2020-09-28 12:00:01",743,727,0,14,2,457,441,0,14,2,422,35,800,343,125,252,13,19,1,12
33,SĂLAJ,"ŞCOALA POIENIŢA",77,BĂBENI,140084,1,PROV,PRCNCT,PCJ,PCJ_SV,"2020-09-28 12:00:01",188,164,0,17,7,139,116,0,17,6,129,10,197,58,57,62,0,2,3,5
33,SĂLAJ,"ŞCOALA POSTLICEALĂ SANITARĂ",31,"MUNICIPIUL ZALĂU",139704,1,PROV,PRCNCT,PCJ,PCJ_SV,"2020-09-28 12:00:01",1351,1335,2,12,2,490,476,0,12,2,468,22,1538,1048,184,170,23,20,51,20
33,SĂLAJ,"ŞCOALA PRIMARĂ",63,"ORAŞ ŞIMLEU SILVANIEI",139884,1,PROV,PRCNCT,PCJ,PCJ_SV,"2020-09-28 12:00:01",771,758,1,11,1,367,355,0,11,1,349,18,846,479,58,212,8,64,7,0
33,SĂLAJ,"ŞCOALA PRIMARĂ",104,CARASTELEC,140477,1,PROV,PRCNCT,PCJ,PCJ_SV,"2020-09-28 12:00:01",40,28,0,11,1,31,19,0,11,1,29,2,50,19,7,15,0,0,6,1
33,SĂLAJ,"ȘCOALA PRIMARĂ",162,GÂRBOU,141232,1,PROV,PRCNCT,PCJ,PCJ_SV,"2020-09-28 12:00:01",221,210,0,7,4,137,126,0,7,4,116,21,231,94,26,49,4,20,6,11
33,SĂLAJ,"ȘCOALA PRIMARĂ",163,GÂRBOU,141232,1,PROV,PRCNCT,PCJ,PCJ_SV,"2020-09-28 12:00:01",275,264,0,8,3,146,135,0,8,3,122,24,293,147,18,44,8,29,1,22
33,SĂLAJ,"ȘCOALA PRIMARĂ",166,GÂRBOU,141232,1,PROV,PRCNCT,PCJ,PCJ_SV,"2020-09-28 12:00:01",83,78,0,4,1,49,44,0,4,1,44,5,83,34,18,11,3,5,1,6
33,SĂLAJ,"ŞCOALA PRIMARĂ BADON",172,HERECLEAN,141376,1,PROV,PRCNCT,PCJ,PCJ_SV,"2020-09-28 12:00:01",586,566,0,8,12,353,333,0,8,12,342,11,645,292,123,137,5,53,14,10
33,SĂLAJ,"ŞCOALA PRIMARĂ BENESAT",86,BENESAT,140244,1,PROV,PRCNCT,PCJ,PCJ_SV,"2020-09-28 12:00:01",364,331,1,18,14,249,218,0,18,13,241,8,380,131,32,180,7,5,16,1
33,SĂLAJ,"ȘCOALA PRIMARĂ BÎRSA",276,SOMEŞ-ODORHEI,142710,1,PROV,PRCNCT,PCJ,PCJ_SV,"2020-09-28 12:00:01",90,80,0,6,4,45,35,0,6,4,45,0,90,45,14,24,0,6,0,1
33,SĂLAJ,"ŞCOALA PRIMARĂ BIUŞA",88,BENESAT,140244,1,PROV,PRCNCT,PCJ,PCJ_SV,"2020-09-28 12:00:01",405,382,0,6,17,298,275,0,6,17,292,6,446,148,48,64,3,8,168,1
33,SĂLAJ,"ȘCOALA PRIMARĂ BULGARI",261,SĂLĂŢIG,142550,1,PROV,PRCNCT,PCJ,PCJ_SV,"2020-09-28 12:00:01",184,179,0,3,2,122,117,0,3,2,114,3,198,81,38,60,2,3,2,9
33,SĂLAJ,"ŞCOALA PRIMARĂ BUZAŞ",259,RUS,142499,1,PROV,PRCNCT,PCJ,PCJ_SV,"2020-09-28 12:00:01",127,111,0,13,3,91,75,0,13,3,88,3,130,39,24,51,2,9,2,0
33,SĂLAJ,"ȘCOALA PRIMARĂ CLASELE I-IV CRISTOLȚEL",280,SURDUC,142774,1,PROV,PRCNCT,PCJ,PCJ_SV,"2020-09-28 12:00:01",386,352,0,22,12,274,240,0,22,12,254,20,383,109,98,133,16,5,1,1
33,SĂLAJ,"ȘCOALA PRIMARĂ CLASELE I-IV TURBUȚA",284,SURDUC,142774,1,PROV,PRCNCT,PCJ,PCJ_SV,"2020-09-28 12:00:01",265,236,0,25,4,160,131,0,25,4,157,3,262,102,17,134,1,2,1,2
33,SĂLAJ,"SCOALA PRIMARA CU CLASELE I-IV",151,"FILDU DE JOS",141081,1,PROV,PRCNCT,PCJ,PCJ_SV,"2020-09-28 12:00:01",340,312,0,21,7,259,231,0,21,7,249,10,345,86,109,131,2,0,3,4
33,SĂLAJ,"ȘCOALA PRIMARĂ DIOȘOD",174,HERECLEAN,141376,1,PROV,PRCNCT,PCJ,PCJ_SV,"2020-09-28 12:00:01",697,648,0,11,38,472,423,0,11,38,458,14,760,288,5,16,1,0,436,0
33,SĂLAJ,"ȘCOALA PRIMARĂ DOMNIN",277,SOMEŞ-ODORHEI,142710,1,PROV,PRCNCT,PCJ,PCJ_SV,"2020-09-28 12:00:01",271,245,1,12,13,167,142,0,12,13,158,9,295,128,63,88,2,2,1,2
33,SĂLAJ,"ŞCOALA PRIMARĂ FILDU DE JOS",149,"FILDU DE JOS",141081,1,PROV,PRCNCT,PCJ,PCJ_SV,"2020-09-28 12:00:01",200,181,2,16,1,136,119,0,16,1,130,6,193,57,53,50,9,11,2,5
33,SĂLAJ,"ŞCOALA PRIMARĂ FÎNTÎNELE-RUS",258,RUS,142499,1,PROV,PRCNCT,PCJ,PCJ_SV,"2020-09-28 12:00:01",154,141,0,12,1,119,106,0,12,1,111,8,170,51,43,46,2,18,0,2
33,SĂLAJ,"ŞCOALA PRIMARĂ GĂLPÎIA",81,BĂLAN,140146,1,PROV,PRCNCT,PCJ,PCJ_SV,"2020-09-28 12:00:01",360,311,0,36,13,324,275,0,36,13,267,8,324,49,72,180,1,10,0,4
33,SĂLAJ,"ȘCOALA PRIMARĂ GÎRCEIU",133,CRIŞENI,140823,1,PROV,PRCNCT,PCJ,PCJ_SV,"2020-09-28 12:00:01",683,661,0,7,15,408,386,0,7,15,377,31,714,306,77,111,35,48,105,1
33,SĂLAJ,"ŞCOALA PRIMARĂ ”IOANICHIE DRUHORA” CHENDREA",80,BĂLAN,140146,1,PROV,PRCNCT,PCJ,PCJ_SV,"2020-09-28 12:00:01",673,654,1,13,5,438,420,0,13,5,417,21,724,286,196,196,3,2,4,16
33,SĂLAJ,"ŞCOALA PRIMARĂ LEŞMIR",218,MARCA,141946,1,PROV,PRCNCT,PCJ,PCJ_SV,"2020-09-28 12:00:01",327,317,0,5,5,145,135,0,5,5,136,9,352,207,7,44,1,6,75,3
33,SĂLAJ,"SCOALA PRIMARA MESTEACANU",69,ALMAŞU,139982,1,PROV,PRCNCT,PCJ,PCJ_SV,"2020-09-28 12:00:01",282,264,0,12,6,205,187,0,12,6,192,12,301,97,69,97,1,4,13,8
33,SĂLAJ,"ȘCOALA PRIMARĂ MINEU",263,SĂLĂŢIG,142550,1,PROV,PRCNCT,PCJ,PCJ_SV,"2020-09-28 12:00:01",274,261,1,10,2,143,130,1,10,2,137,6,288,139,23,59,0,2,48,5
33,SĂLAJ,"ŞCOALA PRIMARĂ MUNCEL",128,CRISTOLŢ,140770,1,PROV,PRCNCT,PCJ,PCJ_SV,"2020-09-28 12:00:01",149,140,0,9,0,99,90,0,9,0,98,1,160,61,31,42,0,18,2,5
33,SĂLAJ,"ȘCOALA PRIMARĂ NOȚIG",264,SĂLĂŢIG,142550,1,PROV,PRCNCT,PCJ,PCJ_SV,"2020-09-28 12:00:01",275,239,0,6,30,271,235,0,6,30,265,6,413,142,47,195,2,0,12,9
33,SĂLAJ,"ŞCOALA PRIMARĂ POIANA ONŢII",129,CRISTOLŢ,140770,1,PROV,PRCNCT,PCJ,PCJ_SV,"2020-09-28 12:00:01",83,71,0,11,1,61,49,0,11,1,61,0,90,29,20,15,0,24,2,0
33,SĂLAJ,"ŞCOALA PRIMARĂ PORŢ",217,MARCA,141946,1,PROV,PRCNCT,PCJ,PCJ_SV,"2020-09-28 12:00:01",223,216,0,4,3,152,145,0,4,3,145,7,246,94,31,105,1,4,1,3
33,SĂLAJ,"ȘCOALA PRIMARĂ SIGHETU SILVANIEI",107,CHIEŞD,140501,1,PROV,PRCNCT,PCJ,PCJ_SV,"2020-09-28 12:00:01",408,384,0,22,2,217,193,0,22,2,201,16,424,207,62,103,3,25,1,7
33,SĂLAJ,"ȘCOALA PRIMARĂ SÎRBI",268,SÂG,142612,1,PROV,PRCNCT,PCJ,PCJ_SV,"2020-09-28 12:00:01",221,213,0,8,0,119,111,0,8,0,110,9,235,116,55,49,0,4,1,1
33,SĂLAJ,"ŞCOALA PRIMARĂ STÎNA",39,"MUNICIPIUL ZALĂU",139704,1,PROV,PRCNCT,PCJ,PCJ_SV,"2020-09-28 12:00:01",250,237,0,12,1,118,105,0,12,1,111,7,264,146,54,35,1,5,1,15
33,SĂLAJ,"ŞCOALA PRIMARĂ TETIŞU",152,"FILDU DE JOS",141081,1,PROV,PRCNCT,PCJ,PCJ_SV,"2020-09-28 12:00:01",238,226,0,12,0,159,147,0,12,0,149,10,249,90,23,8,0,3,112,3
33,SĂLAJ,"ŞCOALA PRIMARĂ VĂLENI",130,CRISTOLŢ,140770,1,PROV,PRCNCT,PCJ,PCJ_SV,"2020-09-28 12:00:01",338,322,0,8,8,232,216,0,8,8,225,7,328,96,136,66,1,20,1,1
33,SĂLAJ,"ŞCOALA PURCĂREŢ",208,LETCA,141786,1,PROV,PRCNCT,PCJ,PCJ_SV,"2020-09-28 12:00:01",90,78,0,11,1,67,55,0,11,1,58,9,85,18,19,21,0,13,2,3
33,SĂLAJ,"ŞCOALA ŞOIMUŞENI",209,LETCA,141786,1,PROV,PRCNCT,PCJ,PCJ_SV,"2020-09-28 12:00:01",67,51,0,15,1,59,43,0,15,1,58,1,75,16,46,9,0,2,1,0
33,SĂLAJ,"ŞCOALA SOMEŞ GURUSLĂU",236,NĂPRADEA,142177,1,PROV,PRCNCT,PCJ,PCJ_SV,"2020-09-28 12:00:01",354,344,0,4,6,212,202,0,4,6,205,7,387,175,56,133,2,8,3,3
33,SĂLAJ,"ŞCOALA TOPLIŢA",210,LETCA,141786,1,PROV,PRCNCT,PCJ,PCJ_SV,"2020-09-28 12:00:01",114,89,0,24,1,97,72,0,24,1,95,2,100,3,62,26,1,1,1,4
33,SĂLAJ,"ŞCOALA TRANIŞ",237,NĂPRADEA,142177,1,PROV,PRCNCT,PCJ,PCJ_SV,"2020-09-28 12:00:01",280,269,1,3,7,156,146,0,3,7,148,8,307,151,38,103,2,5,0,0
33,SĂLAJ,"ŞCOALA VĂDURELE",238,NĂPRADEA,142177,1,PROV,PRCNCT,PCJ,PCJ_SV,"2020-09-28 12:00:01",166,151,0,3,12,136,121,0,3,12,132,4,182,46,37,68,17,8,2,0
33,SĂLAJ,"ŞCOALA VĂLIŞOARA",211,LETCA,141786,1,PROV,PRCNCT,PCJ,PCJ_SV,"2020-09-28 12:00:01",31,21,0,10,0,20,10,0,10,0,18,2,31,11,7,6,2,2,0,1
33,SĂLAJ,"ȘCOALA VECHE",169,HALMĂŞD,141312,1,PROV,PRCNCT,PCJ,PCJ_SV,"2020-09-28 12:00:01",448,436,0,4,8,262,250,0,4,8,247,15,496,234,116,123,3,2,1,2
33,SĂLAJ,"ŞCOALA VECHE CIOCMANI",74,BĂBENI,140084,1,PROV,PRCNCT,PCJ,PCJ_SV,"2020-09-28 12:00:01",563,433,0,106,24,451,321,0,106,24,435,16,500,49,195,209,6,12,4,9
33,SĂLAJ,"ȘCOALA ZALNOC",91,BOBOTA,140280,1,PROV,PRCNCT,PCJ,PCJ_SV,"2020-09-28 12:00:01",401,378,0,14,9,211,188,0,14,9,203,8,424,213,87,107,1,4,3,1
33,SĂLAJ,"SEDIUL CONSILIU LOCAL SÎNMIHAIU ALMAŞULUI",270,"SÂNMIHAIU ALMAŞULUI",142676,1,PROV,PRCNCT,PCJ,PCJ_SV,"2020-09-28 12:00:01",894,838,1,35,20,544,489,0,35,20,484,58,944,402,254,159,30,18,4,19
33,SĂLAJ,"STADIONUL MUNICIPAL SEDIUL CLUBULUI SPORTIV MUNICIPAL",5,"MUNICIPIUL ZALĂU",139704,1,PROV,PRCNCT,PCJ,PCJ_SV,"2020-09-28 12:00:01",1248,1222,6,10,10,489,469,0,10,10,486,3,1350,861,179,172,17,14,75,29
